{
   "gwp_slag": {
     "value" : 3,
     "unit" : "kg_CO2_eq/kg"
   },
   "density_sub":{
     "value":840,
     "unit":"kg/m^3"
   } ,
   "gwp_cement": {
     "value" : 10,
     "unit" : "kg_CO2_eq/kg"
   },
   "density_cem":{
     "value":1.44,
     "unit":"g/cm^3"
   } ,
    "paste_nu" :{
      "value":0.2,
      "unit":"dimensionless"
    },
    "paste_C" :{
      "value":870,
      "unit":"J/kg/K"
    },
    "paste_kappa" :{
      "value":1.8,
      "unit":"W/m/K"
    } ,
   "gwp_aggregates": {
     "value" : 1,
     "unit" : "kg_CO2_eq/kg"
   },
   "density_aggregates":{
     "value":1.5,
     "unit":"kg/m^3"
   },
    "aggregates_E" :{
      "value":25e9,
      "unit":"Pa"
    } ,
    "aggregates_nu" :{
      "value":0.3,
      "unit":"dimensionless"
    },
    "aggregates_C" :{
      "value":840,
      "unit":"J/kg/K"
    },
    "aggregates_kappa" :{
      "value":0.8,
      "unit":"W/m/K"
    } ,
   "density_water": {
     "value":977,
     "unit": "kilogram / meter ** 3"
   }
}
